[{"model": "admin.logentry", "pk": 1, "fields": {"action_time": "2024-01-14T03:33:10.434Z", "user": 1, "content_type": 7, "object_id": "1", "object_repr": "Shrish Choudhary", "action_flag": 1, "change_message": "[{\"added\": {}}]"}}, {"model": "admin.logentry", "pk": 2, "fields": {"action_time": "2024-01-14T03:34:29.367Z", "user": 1, "content_type": 7, "object_id": "1", "object_repr": "Shrish Choudhary", "action_flag": 3, "change_message": ""}}, {"model": "admin.logentry", "pk": 3, "fields": {"action_time": "2024-01-14T03:35:33.935Z", "user": 1, "content_type": 7, "object_id": "2", "object_repr": "Shrish Choudhary", "action_flag": 1, "change_message": "[{\"added\": {}}]"}}, {"model": "admin.logentry", "pk": 4, "fields": {"action_time": "2024-01-14T03:35:44.747Z", "user": 1, "content_type": 7, "object_id": "3", "object_repr": "Grant Gallagher", "action_flag": 1, "change_message": "[{\"added\": {}}]"}}, {"model": "admin.logentry", "pk": 5, "fields": {"action_time": "2024-01-14T03:35:53.674Z", "user": 1, "content_type": 7, "object_id": "4", "object_repr": "Adam Sun", "action_flag": 1, "change_message": "[{\"added\": {}}]"}}, {"model": "admin.logentry", "pk": 6, "fields": {"action_time": "2024-01-14T03:36:50.215Z", "user": 1, "content_type": 7, "object_id": "4", "object_repr": "Adam Sun", "action_flag": 3, "change_message": ""}}, {"model": "admin.logentry", "pk": 7, "fields": {"action_time": "2024-01-14T03:36:53.239Z", "user": 1, "content_type": 7, "object_id": "3", "object_repr": "Grant Gallagher", "action_flag": 3, "change_message": ""}}, {"model": "admin.logentry", "pk": 8, "fields": {"action_time": "2024-01-14T03:36:56.587Z", "user": 1, "content_type": 7, "object_id": "2", "object_repr": "Shrish Choudhary", "action_flag": 3, "change_message": ""}}, {"model": "admin.logentry", "pk": 9, "fields": {"action_time": "2024-01-14T03:41:01.651Z", "user": 1, "content_type": 7, "object_id": "1", "object_repr": "Shrish Choudhary", "action_flag": 1, "change_message": "[{\"added\": {}}]"}}, {"model": "admin.logentry", "pk": 10, "fields": {"action_time": "2024-01-14T03:41:33.275Z", "user": 1, "content_type": 7, "object_id": "2", "object_repr": "Grant Gallagher", "action_flag": 1, "change_message": "[{\"added\": {}}]"}}, {"model": "admin.logentry", "pk": 11, "fields": {"action_time": "2024-01-14T03:41:39.583Z", "user": 1, "content_type": 7, "object_id": "3", "object_repr": "Adam Sun", "action_flag": 1, "change_message": "[{\"added\": {}}]"}}, {"model": "admin.logentry", "pk": 12, "fields": {"action_time": "2024-01-14T04:11:58.185Z", "user": 1, "content_type": 7, "object_id": "3", "object_repr": "Adam Sun", "action_flag": 2, "change_message": "[]"}}, {"model": "admin.logentry", "pk": 13, "fields": {"action_time": "2024-01-14T04:53:37.102Z", "user": 1, "content_type": 7, "object_id": "4", "object_repr": "Cole Armstrong", "action_flag": 1, "change_message": "[{\"added\": {}}]"}}, {"model": "admin.logentry", "pk": 14, "fields": {"action_time": "2024-01-14T04:53:50.677Z", "user": 1, "content_type": 7, "object_id": "5", "object_repr": "Sundeep Chaklandar", "action_flag": 1, "change_message": "[{\"added\": {}}]"}}, {"model": "admin.logentry", "pk": 15, "fields": {"action_time": "2024-01-14T04:54:04.646Z", "user": 1, "content_type": 7, "object_id": "6", "object_repr": "Kailas Kahler", "action_flag": 1, "change_message": "[{\"added\": {}}]"}}, {"model": "admin.logentry", "pk": 16, "fields": {"action_time": "2024-01-14T04:54:14.501Z", "user": 1, "content_type": 7, "object_id": "7", "object_repr": "Joseph Li", "action_flag": 1, "change_message": "[{\"added\": {}}]"}}, {"model": "admin.logentry", "pk": 17, "fields": {"action_time": "2024-01-14T04:54:24.218Z", "user": 1, "content_type": 7, "object_id": "8", "object_repr": "Nicholas Liu", "action_flag": 1, "change_message": "[{\"added\": {}}]"}}, {"model": "admin.logentry", "pk": 18, "fields": {"action_time": "2024-01-14T04:54:47.337Z", "user": 1, "content_type": 7, "object_id": "9", "object_repr": "Siddharth Marathe", "action_flag": 1, "change_message": "[{\"added\": {}}]"}}, {"model": "admin.logentry", "pk": 19, "fields": {"action_time": "2024-01-14T04:54:59.299Z", "user": 1, "content_type": 7, "object_id": "10", "object_repr": "Joshua Masuda", "action_flag": 1, "change_message": "[{\"added\": {}}]"}}, {"model": "admin.logentry", "pk": 20, "fields": {"action_time": "2024-01-14T04:55:17.357Z", "user": 1, "content_type": 7, "object_id": "11", "object_repr": "Ethan Nguyen", "action_flag": 1, "change_message": "[{\"added\": {}}]"}}, {"model": "admin.logentry", "pk": 21, "fields": {"action_time": "2024-01-14T04:55:30.883Z", "user": 1, "content_type": 7, "object_id": "12", "object_repr": "Daniel Papacica", "action_flag": 1, "change_message": "[{\"added\": {}}]"}}, {"model": "admin.logentry", "pk": 22, "fields": {"action_time": "2024-01-14T04:55:47.010Z", "user": 1, "content_type": 7, "object_id": "13", "object_repr": "Daniel Sharygin", "action_flag": 1, "change_message": "[{\"added\": {}}]"}}, {"model": "admin.logentry", "pk": 23, "fields": {"action_time": "2024-01-14T04:55:56.429Z", "user": 1, "content_type": 7, "object_id": "14", "object_repr": "Ryan Xiao", "action_flag": 1, "change_message": "[{\"added\": {}}]"}}, {"model": "admin.logentry", "pk": 24, "fields": {"action_time": "2024-01-14T08:59:49.158Z", "user": 1, "content_type": 8, "object_id": "1", "object_repr": "6-3 (None)\n6-4 (None)\nNone-None (None)\non 2024-01-14", "action_flag": 1, "change_message": "[{\"added\": {}}]"}}, {"model": "admin.logentry", "pk": 25, "fields": {"action_time": "2024-01-14T09:00:19.218Z", "user": 1, "content_type": 10, "object_id": "1", "object_repr": "SinglesMatch object (1)", "action_flag": 1, "change_message": "[{\"added\": {}}]"}}, {"model": "admin.logentry", "pk": 26, "fields": {"action_time": "2024-01-14T09:58:31.437Z", "user": 1, "content_type": 10, "object_id": "1", "object_repr": "SinglesMatch object (1)", "action_flag": 3, "change_message": ""}}, {"model": "admin.logentry", "pk": 27, "fields": {"action_time": "2024-01-14T10:00:14.756Z", "user": 1, "content_type": 10, "object_id": "1", "object_repr": "SinglesMatch object (1)", "action_flag": 1, "change_message": "[{\"added\": {}}]"}}, {"model": "admin.logentry", "pk": 28, "fields": {"action_time": "2024-01-14T10:00:38.978Z", "user": 1, "content_type": 10, "object_id": "2", "object_repr": "SinglesMatch object (2)", "action_flag": 1, "change_message": "[{\"added\": {}}]"}}, {"model": "admin.logentry", "pk": 29, "fields": {"action_time": "2024-01-14T10:00:58.141Z", "user": 1, "content_type": 10, "object_id": "3", "object_repr": "SinglesMatch object (3)", "action_flag": 1, "change_message": "[{\"added\": {}}]"}}, {"model": "admin.logentry", "pk": 30, "fields": {"action_time": "2024-01-14T10:01:02.672Z", "user": 1, "content_type": 10, "object_id": "2", "object_repr": "SinglesMatch object (2)", "action_flag": 2, "change_message": "[{\"changed\": {\"fields\": [\"Win\"]}}]"}}, {"model": "admin.logentry", "pk": 31, "fields": {"action_time": "2024-01-14T10:07:33.783Z", "user": 1, "content_type": 10, "object_id": "1", "object_repr": "SinglesMatch object (1)", "action_flag": 3, "change_message": ""}}, {"model": "admin.logentry", "pk": 32, "fields": {"action_time": "2024-01-14T10:07:37.815Z", "user": 1, "content_type": 10, "object_id": "2", "object_repr": "SinglesMatch object (2)", "action_flag": 3, "change_message": ""}}, {"model": "admin.logentry", "pk": 33, "fields": {"action_time": "2024-01-14T10:07:40.761Z", "user": 1, "content_type": 10, "object_id": "3", "object_repr": "SinglesMatch object (3)", "action_flag": 3, "change_message": ""}}, {"model": "admin.logentry", "pk": 34, "fields": {"action_time": "2024-01-14T10:14:28.342Z", "user": 1, "content_type": 8, "object_id": "1", "object_repr": "6-3(<django.db.models.fields.PositiveBigIntegerField>)\n6-4(<django.db.models.fields.PositiveBigIntegerField>)\n<django.db.models.fields.PositiveBigIntegerField>-<django.db.models.fields.PositiveBigInte", "action_flag": 3, "change_message": ""}}, {"model": "admin.logentry", "pk": 35, "fields": {"action_time": "2024-01-14T10:18:43.544Z", "user": 1, "content_type": 10, "object_id": "1", "object_repr": "SinglesMatch object (1)", "action_flag": 1, "change_message": "[{\"added\": {}}]"}}, {"model": "admin.logentry", "pk": 36, "fields": {"action_time": "2024-01-14T10:20:59.687Z", "user": 1, "content_type": 10, "object_id": "2", "object_repr": "Shrish Choudhary vs b", "action_flag": 1, "change_message": "[{\"added\": {}}]"}}, {"model": "admin.logentry", "pk": 37, "fields": {"action_time": "2024-01-14T10:21:11.534Z", "user": 1, "content_type": 10, "object_id": "3", "object_repr": "Shrish Choudhary vs t", "action_flag": 1, "change_message": "[{\"added\": {}}]"}}, {"model": "admin.logentry", "pk": 38, "fields": {"action_time": "2024-01-14T10:21:45.093Z", "user": 1, "content_type": 12, "object_id": "1", "object_repr": "Shrish Choudhary & Siddharth Marathe vs b & t", "action_flag": 1, "change_message": "[{\"added\": {}}]"}}, {"model": "admin.logentry", "pk": 39, "fields": {"action_time": "2024-01-14T10:21:59.530Z", "user": 1, "content_type": 12, "object_id": "2", "object_repr": "Shrish Choudhary & Grant Gallagher vs b & t", "action_flag": 1, "change_message": "[{\"added\": {}}]"}}, {"model": "admin.logentry", "pk": 40, "fields": {"action_time": "2024-01-14T10:22:13.160Z", "user": 1, "content_type": 12, "object_id": "3", "object_repr": "Shrish Choudhary & Joseph Li vs be & e", "action_flag": 1, "change_message": "[{\"added\": {}}]"}}, {"model": "admin.logentry", "pk": 41, "fields": {"action_time": "2024-01-14T22:43:19.935Z", "user": 1, "content_type": 12, "object_id": "3", "object_repr": "Shrish Choudhary & Joseph Li vs be & e", "action_flag": 3, "change_message": ""}}, {"model": "admin.logentry", "pk": 42, "fields": {"action_time": "2024-01-14T22:43:19.944Z", "user": 1, "content_type": 12, "object_id": "2", "object_repr": "Shrish Choudhary & Grant Gallagher vs b & t", "action_flag": 3, "change_message": ""}}, {"model": "admin.logentry", "pk": 43, "fields": {"action_time": "2024-01-14T22:43:19.952Z", "user": 1, "content_type": 12, "object_id": "1", "object_repr": "Shrish Choudhary & Siddharth Marathe vs b & t", "action_flag": 3, "change_message": ""}}, {"model": "admin.logentry", "pk": 44, "fields": {"action_time": "2024-01-14T22:43:27.756Z", "user": 1, "content_type": 10, "object_id": "3", "object_repr": "Shrish Choudhary vs t", "action_flag": 3, "change_message": ""}}, {"model": "admin.logentry", "pk": 45, "fields": {"action_time": "2024-01-14T22:43:27.769Z", "user": 1, "content_type": 10, "object_id": "2", "object_repr": "Shrish Choudhary vs b", "action_flag": 3, "change_message": ""}}, {"model": "admin.logentry", "pk": 46, "fields": {"action_time": "2024-01-14T22:43:27.782Z", "user": 1, "content_type": 10, "object_id": "1", "object_repr": "Shrish Choudhary vs Bob", "action_flag": 3, "change_message": ""}}, {"model": "admin.logentry", "pk": 47, "fields": {"action_time": "2024-01-14T22:48:47.569Z", "user": 1, "content_type": 12, "object_id": "1", "object_repr": "Shrish Choudhary & Siddharth Marathe vs Bob D & John Doe", "action_flag": 1, "change_message": "[{\"added\": {}}]"}}, {"model": "admin.logentry", "pk": 48, "fields": {"action_time": "2024-01-14T22:49:14.606Z", "user": 1, "content_type": 12, "object_id": "2", "object_repr": "Adam Sun & Grant Gallagher vs Monkey F & Jolly Who", "action_flag": 1, "change_message": "[{\"added\": {}}]"}}, {"model": "admin.logentry", "pk": 49, "fields": {"action_time": "2024-01-14T22:49:31.318Z", "user": 1, "content_type": 10, "object_id": "1", "object_repr": "Shrish Choudhary vs Billy Bob", "action_flag": 1, "change_message": "[{\"added\": {}}]"}}, {"model": "admin.logentry", "pk": 50, "fields": {"action_time": "2024-01-14T22:49:44.882Z", "user": 1, "content_type": 10, "object_id": "2", "object_repr": "Kailas Kahler vs Jeff Bezos", "action_flag": 1, "change_message": "[{\"added\": {}}]"}}, {"model": "admin.logentry", "pk": 51, "fields": {"action_time": "2024-01-15T07:53:11.503Z", "user": 1, "content_type": 12, "object_id": "2", "object_repr": "Adam Sun & Grant Gallagher vs Monkey F & Jolly Who", "action_flag": 3, "change_message": ""}}, {"model": "admin.logentry", "pk": 52, "fields": {"action_time": "2024-01-15T07:53:11.518Z", "user": 1, "content_type": 12, "object_id": "1", "object_repr": "Shrish Choudhary & Siddharth Marathe vs Bob D & John Doe", "action_flag": 3, "change_message": ""}}, {"model": "admin.logentry", "pk": 53, "fields": {"action_time": "2024-01-15T07:53:25.181Z", "user": 1, "content_type": 10, "object_id": "2", "object_repr": "Kailas Kahler vs Jeff Bezos", "action_flag": 3, "change_message": ""}}, {"model": "admin.logentry", "pk": 54, "fields": {"action_time": "2024-01-15T07:53:25.195Z", "user": 1, "content_type": 10, "object_id": "1", "object_repr": "Shrish Choudhary vs Billy Bob", "action_flag": 3, "change_message": ""}}, {"model": "admin.logentry", "pk": 55, "fields": {"action_time": "2024-01-15T07:56:49.273Z", "user": 1, "content_type": 11, "object_id": "1", "object_repr": "MIT vs Amherst", "action_flag": 1, "change_message": "[{\"added\": {}}]"}}, {"model": "admin.logentry", "pk": 56, "fields": {"action_time": "2024-01-15T07:57:00.280Z", "user": 1, "content_type": 10, "object_id": "1", "object_repr": "Shrish Choudhary vs John Doe", "action_flag": 1, "change_message": "[{\"added\": {}}]"}}, {"model": "admin.logentry", "pk": 57, "fields": {"action_time": "2024-01-17T05:55:29.096Z", "user": 2, "content_type": 7, "object_id": "14", "object_repr": "Ryan Xiao", "action_flag": 2, "change_message": "[{\"changed\": {\"fields\": [\"Url\"]}}]"}}, {"model": "admin.logentry", "pk": 58, "fields": {"action_time": "2024-01-17T05:56:13.452Z", "user": 2, "content_type": 7, "object_id": "13", "object_repr": "Daniel Sharygin", "action_flag": 2, "change_message": "[{\"changed\": {\"fields\": [\"Url\"]}}]"}}, {"model": "admin.logentry", "pk": 59, "fields": {"action_time": "2024-01-17T05:56:41.555Z", "user": 2, "content_type": 7, "object_id": "12", "object_repr": "Daniel Papacica", "action_flag": 2, "change_message": "[{\"changed\": {\"fields\": [\"Url\"]}}]"}}, {"model": "admin.logentry", "pk": 60, "fields": {"action_time": "2024-01-17T06:01:45.749Z", "user": 2, "content_type": 7, "object_id": "11", "object_repr": "Ethan Nguyen", "action_flag": 2, "change_message": "[{\"changed\": {\"fields\": [\"Url\"]}}]"}}, {"model": "admin.logentry", "pk": 61, "fields": {"action_time": "2024-01-17T06:03:42.402Z", "user": 2, "content_type": 7, "object_id": "10", "object_repr": "Joshua Masuda", "action_flag": 2, "change_message": "[{\"changed\": {\"fields\": [\"Url\"]}}]"}}, {"model": "admin.logentry", "pk": 62, "fields": {"action_time": "2024-01-17T06:04:25.667Z", "user": 2, "content_type": 7, "object_id": "9", "object_repr": "Siddharth Marathe", "action_flag": 2, "change_message": "[{\"changed\": {\"fields\": [\"Url\"]}}]"}}, {"model": "admin.logentry", "pk": 63, "fields": {"action_time": "2024-01-17T06:06:10.141Z", "user": 2, "content_type": 7, "object_id": "8", "object_repr": "Nicholas Liu", "action_flag": 2, "change_message": "[{\"changed\": {\"fields\": [\"Url\"]}}]"}}, {"model": "admin.logentry", "pk": 64, "fields": {"action_time": "2024-01-17T06:07:56.135Z", "user": 2, "content_type": 7, "object_id": "7", "object_repr": "Joseph Li", "action_flag": 2, "change_message": "[{\"changed\": {\"fields\": [\"Url\"]}}]"}}, {"model": "admin.logentry", "pk": 65, "fields": {"action_time": "2024-01-17T06:08:22.095Z", "user": 2, "content_type": 7, "object_id": "6", "object_repr": "Kailas Kahler", "action_flag": 2, "change_message": "[{\"changed\": {\"fields\": [\"Url\"]}}]"}}, {"model": "admin.logentry", "pk": 66, "fields": {"action_time": "2024-01-17T06:10:29.028Z", "user": 2, "content_type": 7, "object_id": "5", "object_repr": "Sundeep Chaklandar", "action_flag": 2, "change_message": "[{\"changed\": {\"fields\": [\"Url\"]}}]"}}, {"model": "admin.logentry", "pk": 67, "fields": {"action_time": "2024-01-17T06:11:16.131Z", "user": 2, "content_type": 7, "object_id": "4", "object_repr": "Cole Armstrong", "action_flag": 2, "change_message": "[{\"changed\": {\"fields\": [\"Url\"]}}]"}}, {"model": "admin.logentry", "pk": 68, "fields": {"action_time": "2024-01-17T06:11:45.154Z", "user": 2, "content_type": 7, "object_id": "3", "object_repr": "Adam Sun", "action_flag": 2, "change_message": "[{\"changed\": {\"fields\": [\"Url\"]}}]"}}, {"model": "admin.logentry", "pk": 69, "fields": {"action_time": "2024-01-17T06:12:13.437Z", "user": 2, "content_type": 7, "object_id": "2", "object_repr": "Grant Gallagher", "action_flag": 2, "change_message": "[{\"changed\": {\"fields\": [\"Url\"]}}]"}}, {"model": "admin.logentry", "pk": 70, "fields": {"action_time": "2024-01-17T06:12:47.322Z", "user": 2, "content_type": 7, "object_id": "1", "object_repr": "Shrish Choudhary", "action_flag": 2, "change_message": "[{\"changed\": {\"fields\": [\"Url\"]}}]"}}, {"model": "admin.logentry", "pk": 71, "fields": {"action_time": "2024-01-17T07:45:08.673Z", "user": 2, "content_type": 7, "object_id": "9", "object_repr": "Siddharth Marathe", "action_flag": 2, "change_message": "[{\"changed\": {\"fields\": [\"Data\"]}}]"}}, {"model": "admin.logentry", "pk": 72, "fields": {"action_time": "2024-01-17T07:45:16.331Z", "user": 2, "content_type": 7, "object_id": "14", "object_repr": "Ryan Xiao", "action_flag": 2, "change_message": "[{\"changed\": {\"fields\": [\"Data\"]}}]"}}, {"model": "admin.logentry", "pk": 73, "fields": {"action_time": "2024-01-17T07:45:22.469Z", "user": 2, "content_type": 7, "object_id": "13", "object_repr": "Daniel Sharygin", "action_flag": 2, "change_message": "[{\"changed\": {\"fields\": [\"Data\"]}}]"}}, {"model": "admin.logentry", "pk": 74, "fields": {"action_time": "2024-01-17T07:45:28.176Z", "user": 2, "content_type": 7, "object_id": "12", "object_repr": "Daniel Papacica", "action_flag": 2, "change_message": "[{\"changed\": {\"fields\": [\"Data\"]}}]"}}, {"model": "admin.logentry", "pk": 75, "fields": {"action_time": "2024-01-17T07:45:33.784Z", "user": 2, "content_type": 7, "object_id": "11", "object_repr": "Ethan Nguyen", "action_flag": 2, "change_message": "[{\"changed\": {\"fields\": [\"Data\"]}}]"}}, {"model": "admin.logentry", "pk": 76, "fields": {"action_time": "2024-01-17T07:46:54.841Z", "user": 2, "content_type": 7, "object_id": "8", "object_repr": "Nicholas Liu", "action_flag": 2, "change_message": "[{\"changed\": {\"fields\": [\"Data\"]}}]"}}, {"model": "admin.logentry", "pk": 77, "fields": {"action_time": "2024-01-17T07:47:00.763Z", "user": 2, "content_type": 7, "object_id": "7", "object_repr": "Joseph Li", "action_flag": 2, "change_message": "[{\"changed\": {\"fields\": [\"Data\"]}}]"}}, {"model": "admin.logentry", "pk": 78, "fields": {"action_time": "2024-01-17T07:47:17.088Z", "user": 2, "content_type": 7, "object_id": "6", "object_repr": "Kailas Kahler", "action_flag": 2, "change_message": "[{\"changed\": {\"fields\": [\"Data\"]}}]"}}, {"model": "admin.logentry", "pk": 79, "fields": {"action_time": "2024-01-17T07:47:22.204Z", "user": 2, "content_type": 7, "object_id": "5", "object_repr": "Sundeep Chaklandar", "action_flag": 2, "change_message": "[{\"changed\": {\"fields\": [\"Data\"]}}]"}}, {"model": "admin.logentry", "pk": 80, "fields": {"action_time": "2024-01-17T07:47:31.768Z", "user": 2, "content_type": 7, "object_id": "4", "object_repr": "Cole Armstrong", "action_flag": 2, "change_message": "[{\"changed\": {\"fields\": [\"Data\"]}}]"}}, {"model": "admin.logentry", "pk": 81, "fields": {"action_time": "2024-01-17T07:47:39.096Z", "user": 2, "content_type": 7, "object_id": "3", "object_repr": "Adam Sun", "action_flag": 2, "change_message": "[{\"changed\": {\"fields\": [\"Data\"]}}]"}}, {"model": "admin.logentry", "pk": 82, "fields": {"action_time": "2024-01-17T07:47:54.103Z", "user": 2, "content_type": 7, "object_id": "2", "object_repr": "Grant Gallagher", "action_flag": 2, "change_message": "[{\"changed\": {\"fields\": [\"Data\"]}}]"}}, {"model": "admin.logentry", "pk": 83, "fields": {"action_time": "2024-01-17T07:47:59.371Z", "user": 2, "content_type": 7, "object_id": "1", "object_repr": "Shrish Choudhary", "action_flag": 2, "change_message": "[{\"changed\": {\"fields\": [\"Data\"]}}]"}}, {"model": "admin.logentry", "pk": 84, "fields": {"action_time": "2024-01-17T07:48:16.483Z", "user": 2, "content_type": 7, "object_id": "10", "object_repr": "Joshua Masuda", "action_flag": 2, "change_message": "[{\"changed\": {\"fields\": [\"Data\"]}}]"}}, {"model": "admin.logentry", "pk": 85, "fields": {"action_time": "2024-01-17T10:59:14.427Z", "user": 2, "content_type": 7, "object_id": "14", "object_repr": "Ryan Xiao", "action_flag": 2, "change_message": "[{\"changed\": {\"fields\": [\"Data\"]}}]"}}, {"model": "admin.logentry", "pk": 86, "fields": {"action_time": "2024-01-17T10:59:18.499Z", "user": 2, "content_type": 7, "object_id": "13", "object_repr": "Daniel Sharygin", "action_flag": 2, "change_message": "[{\"changed\": {\"fields\": [\"Data\"]}}]"}}, {"model": "admin.logentry", "pk": 87, "fields": {"action_time": "2024-01-17T10:59:21.451Z", "user": 2, "content_type": 7, "object_id": "13", "object_repr": "Daniel Sharygin", "action_flag": 2, "change_message": "[]"}}, {"model": "admin.logentry", "pk": 88, "fields": {"action_time": "2024-01-17T10:59:25.321Z", "user": 2, "content_type": 7, "object_id": "12", "object_repr": "Daniel Papacica", "action_flag": 2, "change_message": "[{\"changed\": {\"fields\": [\"Data\"]}}]"}}, {"model": "admin.logentry", "pk": 89, "fields": {"action_time": "2024-01-17T10:59:30.221Z", "user": 2, "content_type": 7, "object_id": "14", "object_repr": "Ryan Xiao", "action_flag": 2, "change_message": "[{\"changed\": {\"fields\": [\"Data\"]}}]"}}, {"model": "admin.logentry", "pk": 90, "fields": {"action_time": "2024-01-17T10:59:34.735Z", "user": 2, "content_type": 7, "object_id": "13", "object_repr": "Daniel Sharygin", "action_flag": 2, "change_message": "[{\"changed\": {\"fields\": [\"Data\"]}}]"}}, {"model": "admin.logentry", "pk": 91, "fields": {"action_time": "2024-01-17T10:59:39.221Z", "user": 2, "content_type": 7, "object_id": "12", "object_repr": "Daniel Papacica", "action_flag": 2, "change_message": "[{\"changed\": {\"fields\": [\"Data\"]}}]"}}, {"model": "admin.logentry", "pk": 92, "fields": {"action_time": "2024-01-17T10:59:42.570Z", "user": 2, "content_type": 7, "object_id": "12", "object_repr": "Daniel Papacica", "action_flag": 2, "change_message": "[]"}}, {"model": "admin.logentry", "pk": 93, "fields": {"action_time": "2024-01-17T10:59:48.597Z", "user": 2, "content_type": 7, "object_id": "11", "object_repr": "Ethan Nguyen", "action_flag": 2, "change_message": "[{\"changed\": {\"fields\": [\"Data\"]}}]"}}, {"model": "admin.logentry", "pk": 94, "fields": {"action_time": "2024-01-17T10:59:53.582Z", "user": 2, "content_type": 7, "object_id": "10", "object_repr": "Joshua Masuda", "action_flag": 2, "change_message": "[{\"changed\": {\"fields\": [\"Data\"]}}]"}}, {"model": "admin.logentry", "pk": 95, "fields": {"action_time": "2024-01-17T10:59:59.892Z", "user": 2, "content_type": 7, "object_id": "9", "object_repr": "Siddharth Marathe", "action_flag": 2, "change_message": "[{\"changed\": {\"fields\": [\"Data\"]}}]"}}, {"model": "admin.logentry", "pk": 96, "fields": {"action_time": "2024-01-17T11:00:06.314Z", "user": 2, "content_type": 7, "object_id": "9", "object_repr": "Siddharth Marathe", "action_flag": 2, "change_message": "[]"}}, {"model": "admin.logentry", "pk": 97, "fields": {"action_time": "2024-01-17T11:00:12.216Z", "user": 2, "content_type": 7, "object_id": "8", "object_repr": "Nicholas Liu", "action_flag": 2, "change_message": "[{\"changed\": {\"fields\": [\"Data\"]}}]"}}, {"model": "admin.logentry", "pk": 98, "fields": {"action_time": "2024-01-17T11:00:16.234Z", "user": 2, "content_type": 7, "object_id": "8", "object_repr": "Nicholas Liu", "action_flag": 2, "change_message": "[]"}}, {"model": "admin.logentry", "pk": 99, "fields": {"action_time": "2024-01-17T11:00:22.502Z", "user": 2, "content_type": 7, "object_id": "7", "object_repr": "Joseph Li", "action_flag": 2, "change_message": "[{\"changed\": {\"fields\": [\"Data\"]}}]"}}, {"model": "admin.logentry", "pk": 100, "fields": {"action_time": "2024-01-17T11:00:30.084Z", "user": 2, "content_type": 7, "object_id": "6", "object_repr": "Kailas Kahler", "action_flag": 2, "change_message": "[{\"changed\": {\"fields\": [\"Data\"]}}]"}}, {"model": "admin.logentry", "pk": 101, "fields": {"action_time": "2024-01-17T11:00:36.858Z", "user": 2, "content_type": 7, "object_id": "5", "object_repr": "Sundeep Chaklandar", "action_flag": 2, "change_message": "[{\"changed\": {\"fields\": [\"Data\"]}}]"}}, {"model": "admin.logentry", "pk": 102, "fields": {"action_time": "2024-01-17T11:00:42.181Z", "user": 2, "content_type": 7, "object_id": "4", "object_repr": "Cole Armstrong", "action_flag": 2, "change_message": "[{\"changed\": {\"fields\": [\"Data\"]}}]"}}, {"model": "admin.logentry", "pk": 103, "fields": {"action_time": "2024-01-17T11:00:47.459Z", "user": 2, "content_type": 7, "object_id": "3", "object_repr": "Adam Sun", "action_flag": 2, "change_message": "[{\"changed\": {\"fields\": [\"Data\"]}}]"}}, {"model": "admin.logentry", "pk": 104, "fields": {"action_time": "2024-01-17T11:00:54.684Z", "user": 2, "content_type": 7, "object_id": "2", "object_repr": "Grant Gallagher", "action_flag": 2, "change_message": "[{\"changed\": {\"fields\": [\"Data\"]}}]"}}, {"model": "admin.logentry", "pk": 105, "fields": {"action_time": "2024-01-17T11:00:56.955Z", "user": 2, "content_type": 7, "object_id": "2", "object_repr": "Grant Gallagher", "action_flag": 2, "change_message": "[]"}}, {"model": "admin.logentry", "pk": 106, "fields": {"action_time": "2024-01-17T11:01:01.175Z", "user": 2, "content_type": 7, "object_id": "1", "object_repr": "Shrish Choudhary", "action_flag": 2, "change_message": "[{\"changed\": {\"fields\": [\"Data\"]}}]"}}, {"model": "admin.logentry", "pk": 107, "fields": {"action_time": "2024-01-17T11:43:58.180Z", "user": 2, "content_type": 7, "object_id": "14", "object_repr": "Ryan Xiao", "action_flag": 2, "change_message": "[{\"changed\": {\"fields\": [\"Utrurl\"]}}]"}}, {"model": "admin.logentry", "pk": 108, "fields": {"action_time": "2024-01-17T11:44:13.515Z", "user": 2, "content_type": 7, "object_id": "13", "object_repr": "Daniel Sharygin", "action_flag": 2, "change_message": "[{\"changed\": {\"fields\": [\"Utrurl\"]}}]"}}, {"model": "admin.logentry", "pk": 109, "fields": {"action_time": "2024-01-17T11:44:47.360Z", "user": 2, "content_type": 7, "object_id": "12", "object_repr": "Daniel Papacica", "action_flag": 2, "change_message": "[{\"changed\": {\"fields\": [\"Utrurl\"]}}]"}}, {"model": "admin.logentry", "pk": 110, "fields": {"action_time": "2024-01-17T11:45:30.989Z", "user": 2, "content_type": 7, "object_id": "11", "object_repr": "Ethan Nguyen", "action_flag": 2, "change_message": "[{\"changed\": {\"fields\": [\"Utrurl\"]}}]"}}, {"model": "admin.logentry", "pk": 111, "fields": {"action_time": "2024-01-17T11:45:46.150Z", "user": 2, "content_type": 7, "object_id": "10", "object_repr": "Joshua Masuda", "action_flag": 2, "change_message": "[{\"changed\": {\"fields\": [\"Utrurl\"]}}]"}}, {"model": "admin.logentry", "pk": 112, "fields": {"action_time": "2024-01-17T11:46:00.852Z", "user": 2, "content_type": 7, "object_id": "9", "object_repr": "Siddharth Marathe", "action_flag": 2, "change_message": "[{\"changed\": {\"fields\": [\"Utrurl\"]}}]"}}, {"model": "admin.logentry", "pk": 113, "fields": {"action_time": "2024-01-17T11:46:17.561Z", "user": 2, "content_type": 7, "object_id": "8", "object_repr": "Nicholas Liu", "action_flag": 2, "change_message": "[{\"changed\": {\"fields\": [\"Utrurl\"]}}]"}}, {"model": "admin.logentry", "pk": 114, "fields": {"action_time": "2024-01-17T11:46:33.310Z", "user": 2, "content_type": 7, "object_id": "7", "object_repr": "Joseph Li", "action_flag": 2, "change_message": "[{\"changed\": {\"fields\": [\"Utrurl\"]}}]"}}, {"model": "admin.logentry", "pk": 115, "fields": {"action_time": "2024-01-17T11:46:50.130Z", "user": 2, "content_type": 7, "object_id": "6", "object_repr": "Kailas Kahler", "action_flag": 2, "change_message": "[{\"changed\": {\"fields\": [\"Utrurl\"]}}]"}}, {"model": "admin.logentry", "pk": 116, "fields": {"action_time": "2024-01-17T11:47:06.430Z", "user": 2, "content_type": 7, "object_id": "5", "object_repr": "Sundeep Chaklandar", "action_flag": 2, "change_message": "[{\"changed\": {\"fields\": [\"Utrurl\"]}}]"}}, {"model": "admin.logentry", "pk": 117, "fields": {"action_time": "2024-01-17T11:47:19.712Z", "user": 2, "content_type": 7, "object_id": "4", "object_repr": "Cole Armstrong", "action_flag": 2, "change_message": "[{\"changed\": {\"fields\": [\"Utrurl\"]}}]"}}, {"model": "admin.logentry", "pk": 118, "fields": {"action_time": "2024-01-17T11:47:38.969Z", "user": 2, "content_type": 7, "object_id": "3", "object_repr": "Adam Sun", "action_flag": 2, "change_message": "[{\"changed\": {\"fields\": [\"Utrurl\"]}}]"}}, {"model": "admin.logentry", "pk": 119, "fields": {"action_time": "2024-01-17T11:47:52.914Z", "user": 2, "content_type": 7, "object_id": "2", "object_repr": "Grant Gallagher", "action_flag": 2, "change_message": "[{\"changed\": {\"fields\": [\"Utrurl\"]}}]"}}, {"model": "admin.logentry", "pk": 120, "fields": {"action_time": "2024-01-17T11:48:07.016Z", "user": 2, "content_type": 7, "object_id": "1", "object_repr": "Shrish Choudhary", "action_flag": 2, "change_message": "[{\"changed\": {\"fields\": [\"Utrurl\"]}}]"}}, {"model": "admin.logentry", "pk": 121, "fields": {"action_time": "2024-01-17T12:13:24.778Z", "user": 2, "content_type": 7, "object_id": "14", "object_repr": "Ryan Xiao", "action_flag": 2, "change_message": "[{\"changed\": {\"fields\": [\"Data\"]}}]"}}, {"model": "admin.logentry", "pk": 122, "fields": {"action_time": "2024-01-17T12:13:29.689Z", "user": 2, "content_type": 7, "object_id": "13", "object_repr": "Daniel Sharygin", "action_flag": 2, "change_message": "[{\"changed\": {\"fields\": [\"Data\"]}}]"}}, {"model": "admin.logentry", "pk": 123, "fields": {"action_time": "2024-01-17T12:13:35.217Z", "user": 2, "content_type": 7, "object_id": "12", "object_repr": "Daniel Papacica", "action_flag": 2, "change_message": "[{\"changed\": {\"fields\": [\"Data\"]}}]"}}, {"model": "admin.logentry", "pk": 124, "fields": {"action_time": "2024-01-17T12:13:38.153Z", "user": 2, "content_type": 7, "object_id": "12", "object_repr": "Daniel Papacica", "action_flag": 2, "change_message": "[]"}}, {"model": "admin.logentry", "pk": 125, "fields": {"action_time": "2024-01-17T12:13:42.280Z", "user": 2, "content_type": 7, "object_id": "11", "object_repr": "Ethan Nguyen", "action_flag": 2, "change_message": "[{\"changed\": {\"fields\": [\"Data\"]}}]"}}, {"model": "admin.logentry", "pk": 126, "fields": {"action_time": "2024-01-17T12:13:45.888Z", "user": 2, "content_type": 7, "object_id": "10", "object_repr": "Joshua Masuda", "action_flag": 2, "change_message": "[{\"changed\": {\"fields\": [\"Data\"]}}]"}}, {"model": "admin.logentry", "pk": 127, "fields": {"action_time": "2024-01-17T12:13:51.932Z", "user": 2, "content_type": 7, "object_id": "9", "object_repr": "Siddharth Marathe", "action_flag": 2, "change_message": "[{\"changed\": {\"fields\": [\"Data\"]}}]"}}, {"model": "admin.logentry", "pk": 128, "fields": {"action_time": "2024-01-17T12:13:54.946Z", "user": 2, "content_type": 7, "object_id": "8", "object_repr": "Nicholas Liu", "action_flag": 2, "change_message": "[{\"changed\": {\"fields\": [\"Data\"]}}]"}}, {"model": "admin.logentry", "pk": 129, "fields": {"action_time": "2024-01-17T12:13:59.299Z", "user": 2, "content_type": 7, "object_id": "7", "object_repr": "Joseph Li", "action_flag": 2, "change_message": "[{\"changed\": {\"fields\": [\"Data\"]}}]"}}, {"model": "admin.logentry", "pk": 130, "fields": {"action_time": "2024-01-17T12:14:02.893Z", "user": 2, "content_type": 7, "object_id": "6", "object_repr": "Kailas Kahler", "action_flag": 2, "change_message": "[{\"changed\": {\"fields\": [\"Data\"]}}]"}}, {"model": "admin.logentry", "pk": 131, "fields": {"action_time": "2024-01-17T12:14:05.898Z", "user": 2, "content_type": 7, "object_id": "5", "object_repr": "Sundeep Chaklandar", "action_flag": 2, "change_message": "[{\"changed\": {\"fields\": [\"Data\"]}}]"}}, {"model": "admin.logentry", "pk": 132, "fields": {"action_time": "2024-01-17T12:14:08.761Z", "user": 2, "content_type": 7, "object_id": "5", "object_repr": "Sundeep Chaklandar", "action_flag": 2, "change_message": "[]"}}, {"model": "admin.logentry", "pk": 133, "fields": {"action_time": "2024-01-17T12:14:12.874Z", "user": 2, "content_type": 7, "object_id": "4", "object_repr": "Cole Armstrong", "action_flag": 2, "change_message": "[{\"changed\": {\"fields\": [\"Data\"]}}]"}}, {"model": "admin.logentry", "pk": 134, "fields": {"action_time": "2024-01-17T12:14:17.498Z", "user": 2, "content_type": 7, "object_id": "2", "object_repr": "Grant Gallagher", "action_flag": 2, "change_message": "[{\"changed\": {\"fields\": [\"Data\"]}}]"}}, {"model": "admin.logentry", "pk": 135, "fields": {"action_time": "2024-01-17T12:14:20.570Z", "user": 2, "content_type": 7, "object_id": "3", "object_repr": "Adam Sun", "action_flag": 2, "change_message": "[{\"changed\": {\"fields\": [\"Data\"]}}]"}}, {"model": "admin.logentry", "pk": 136, "fields": {"action_time": "2024-01-17T12:14:22.639Z", "user": 2, "content_type": 7, "object_id": "4", "object_repr": "Cole Armstrong", "action_flag": 2, "change_message": "[]"}}, {"model": "admin.logentry", "pk": 137, "fields": {"action_time": "2024-01-17T12:14:25.932Z", "user": 2, "content_type": 7, "object_id": "1", "object_repr": "Shrish Choudhary", "action_flag": 2, "change_message": "[{\"changed\": {\"fields\": [\"Data\"]}}]"}}, {"model": "admin.logentry", "pk": 138, "fields": {"action_time": "2024-01-17T12:18:37.011Z", "user": 2, "content_type": 7, "object_id": "1", "object_repr": "Shrish Choudhary", "action_flag": 2, "change_message": "[{\"changed\": {\"fields\": [\"Data\"]}}]"}}, {"model": "admin.logentry", "pk": 139, "fields": {"action_time": "2024-01-17T12:18:43.652Z", "user": 2, "content_type": 7, "object_id": "2", "object_repr": "Grant Gallagher", "action_flag": 2, "change_message": "[]"}}, {"model": "admin.logentry", "pk": 140, "fields": {"action_time": "2024-01-17T12:26:51.141Z", "user": 2, "content_type": 7, "object_id": "1", "object_repr": "Shrish Choudhary", "action_flag": 2, "change_message": "[{\"changed\": {\"fields\": [\"Data\"]}}]"}}, {"model": "admin.logentry", "pk": 141, "fields": {"action_time": "2024-01-17T12:27:00.633Z", "user": 2, "content_type": 7, "object_id": "2", "object_repr": "Grant Gallagher", "action_flag": 2, "change_message": "[{\"changed\": {\"fields\": [\"Data\"]}}]"}}, {"model": "admin.logentry", "pk": 142, "fields": {"action_time": "2024-01-17T12:27:06.092Z", "user": 2, "content_type": 7, "object_id": "3", "object_repr": "Adam Sun", "action_flag": 2, "change_message": "[{\"changed\": {\"fields\": [\"Data\"]}}]"}}, {"model": "admin.logentry", "pk": 143, "fields": {"action_time": "2024-01-17T12:27:10.927Z", "user": 2, "content_type": 7, "object_id": "4", "object_repr": "Cole Armstrong", "action_flag": 2, "change_message": "[{\"changed\": {\"fields\": [\"Data\"]}}]"}}, {"model": "admin.logentry", "pk": 144, "fields": {"action_time": "2024-01-17T12:27:16.533Z", "user": 2, "content_type": 7, "object_id": "5", "object_repr": "Sundeep Chaklandar", "action_flag": 2, "change_message": "[{\"changed\": {\"fields\": [\"Data\"]}}]"}}, {"model": "admin.logentry", "pk": 145, "fields": {"action_time": "2024-01-17T12:27:21.976Z", "user": 2, "content_type": 7, "object_id": "6", "object_repr": "Kailas Kahler", "action_flag": 2, "change_message": "[{\"changed\": {\"fields\": [\"Data\"]}}]"}}, {"model": "admin.logentry", "pk": 146, "fields": {"action_time": "2024-01-17T12:27:26.478Z", "user": 2, "content_type": 7, "object_id": "7", "object_repr": "Joseph Li", "action_flag": 2, "change_message": "[{\"changed\": {\"fields\": [\"Data\"]}}]"}}, {"model": "admin.logentry", "pk": 147, "fields": {"action_time": "2024-01-17T12:27:31.857Z", "user": 2, "content_type": 7, "object_id": "8", "object_repr": "Nicholas Liu", "action_flag": 2, "change_message": "[]"}}, {"model": "admin.logentry", "pk": 148, "fields": {"action_time": "2024-01-17T12:38:05.903Z", "user": 2, "content_type": 7, "object_id": "1", "object_repr": "Shrish Choudhary", "action_flag": 2, "change_message": "[{\"changed\": {\"fields\": [\"Data\"]}}]"}}, {"model": "admin.logentry", "pk": 149, "fields": {"action_time": "2024-01-17T12:38:10.893Z", "user": 2, "content_type": 7, "object_id": "2", "object_repr": "Grant Gallagher", "action_flag": 2, "change_message": "[{\"changed\": {\"fields\": [\"Data\"]}}]"}}, {"model": "admin.logentry", "pk": 150, "fields": {"action_time": "2024-01-17T12:38:15.567Z", "user": 2, "content_type": 7, "object_id": "3", "object_repr": "Adam Sun", "action_flag": 2, "change_message": "[{\"changed\": {\"fields\": [\"Data\"]}}]"}}, {"model": "admin.logentry", "pk": 151, "fields": {"action_time": "2024-01-17T12:38:20.054Z", "user": 2, "content_type": 7, "object_id": "4", "object_repr": "Cole Armstrong", "action_flag": 2, "change_message": "[{\"changed\": {\"fields\": [\"Data\"]}}]"}}, {"model": "admin.logentry", "pk": 152, "fields": {"action_time": "2024-01-17T12:38:23.351Z", "user": 2, "content_type": 7, "object_id": "5", "object_repr": "Sundeep Chaklandar", "action_flag": 2, "change_message": "[]"}}, {"model": "admin.logentry", "pk": 153, "fields": {"action_time": "2024-01-17T12:38:25.853Z", "user": 2, "content_type": 7, "object_id": "6", "object_repr": "Kailas Kahler", "action_flag": 2, "change_message": "[]"}}, {"model": "admin.logentry", "pk": 154, "fields": {"action_time": "2024-01-17T12:38:28.112Z", "user": 2, "content_type": 7, "object_id": "7", "object_repr": "Joseph Li", "action_flag": 2, "change_message": "[]"}}, {"model": "admin.logentry", "pk": 155, "fields": {"action_time": "2024-01-17T12:38:29.921Z", "user": 2, "content_type": 7, "object_id": "9", "object_repr": "Siddharth Marathe", "action_flag": 2, "change_message": "[]"}}, {"model": "admin.logentry", "pk": 156, "fields": {"action_time": "2024-01-17T12:38:31.718Z", "user": 2, "content_type": 7, "object_id": "8", "object_repr": "Nicholas Liu", "action_flag": 2, "change_message": "[]"}}, {"model": "admin.logentry", "pk": 157, "fields": {"action_time": "2024-01-17T12:38:33.259Z", "user": 2, "content_type": 7, "object_id": "1", "object_repr": "Shrish Choudhary", "action_flag": 2, "change_message": "[]"}}, {"model": "admin.logentry", "pk": 158, "fields": {"action_time": "2024-01-17T12:38:35.173Z", "user": 2, "content_type": 7, "object_id": "2", "object_repr": "Grant Gallagher", "action_flag": 2, "change_message": "[]"}}, {"model": "admin.logentry", "pk": 159, "fields": {"action_time": "2024-01-17T12:38:43.836Z", "user": 2, "content_type": 7, "object_id": "3", "object_repr": "Adam Sun", "action_flag": 2, "change_message": "[]"}}, {"model": "admin.logentry", "pk": 160, "fields": {"action_time": "2024-01-17T12:42:50.183Z", "user": 2, "content_type": 7, "object_id": "1", "object_repr": "Shrish Choudhary", "action_flag": 2, "change_message": "[]"}}, {"model": "admin.logentry", "pk": 161, "fields": {"action_time": "2024-01-17T12:42:52.598Z", "user": 2, "content_type": 7, "object_id": "2", "object_repr": "Grant Gallagher", "action_flag": 2, "change_message": "[]"}}, {"model": "admin.logentry", "pk": 162, "fields": {"action_time": "2024-01-17T12:42:54.826Z", "user": 2, "content_type": 7, "object_id": "3", "object_repr": "Adam Sun", "action_flag": 2, "change_message": "[]"}}, {"model": "admin.logentry", "pk": 163, "fields": {"action_time": "2024-01-17T12:42:57.225Z", "user": 2, "content_type": 7, "object_id": "4", "object_repr": "Cole Armstrong", "action_flag": 2, "change_message": "[]"}}, {"model": "admin.logentry", "pk": 164, "fields": {"action_time": "2024-01-17T12:46:54.728Z", "user": 2, "content_type": 7, "object_id": "5", "object_repr": "Sundeep Chaklandar", "action_flag": 2, "change_message": "[]"}}, {"model": "admin.logentry", "pk": 165, "fields": {"action_time": "2024-01-17T12:46:57.278Z", "user": 2, "content_type": 7, "object_id": "6", "object_repr": "Kailas Kahler", "action_flag": 2, "change_message": "[]"}}, {"model": "admin.logentry", "pk": 166, "fields": {"action_time": "2024-01-17T12:46:59.673Z", "user": 2, "content_type": 7, "object_id": "7", "object_repr": "Joseph Li", "action_flag": 2, "change_message": "[]"}}, {"model": "admin.logentry", "pk": 167, "fields": {"action_time": "2024-01-17T12:47:02.013Z", "user": 2, "content_type": 7, "object_id": "8", "object_repr": "Nicholas Liu", "action_flag": 2, "change_message": "[]"}}, {"model": "admin.logentry", "pk": 168, "fields": {"action_time": "2024-01-17T12:50:42.806Z", "user": 2, "content_type": 7, "object_id": "8", "object_repr": "Nicholas Liu", "action_flag": 2, "change_message": "[]"}}, {"model": "admin.logentry", "pk": 169, "fields": {"action_time": "2024-01-17T12:50:45.179Z", "user": 2, "content_type": 7, "object_id": "10", "object_repr": "Joshua Masuda", "action_flag": 2, "change_message": "[]"}}, {"model": "admin.logentry", "pk": 170, "fields": {"action_time": "2024-01-17T12:50:47.466Z", "user": 2, "content_type": 7, "object_id": "11", "object_repr": "Ethan Nguyen", "action_flag": 2, "change_message": "[]"}}, {"model": "admin.logentry", "pk": 171, "fields": {"action_time": "2024-01-17T12:52:53.156Z", "user": 2, "content_type": 7, "object_id": "11", "object_repr": "Ethan Nguyen", "action_flag": 2, "change_message": "[]"}}, {"model": "admin.logentry", "pk": 172, "fields": {"action_time": "2024-01-17T12:52:55.675Z", "user": 2, "content_type": 7, "object_id": "12", "object_repr": "Daniel Papacica", "action_flag": 2, "change_message": "[]"}}, {"model": "admin.logentry", "pk": 173, "fields": {"action_time": "2024-01-17T12:52:58.256Z", "user": 2, "content_type": 7, "object_id": "13", "object_repr": "Daniel Sharygin", "action_flag": 2, "change_message": "[]"}}, {"model": "admin.logentry", "pk": 174, "fields": {"action_time": "2024-01-17T12:56:56.483Z", "user": 2, "content_type": 7, "object_id": "14", "object_repr": "Ryan Xiao", "action_flag": 2, "change_message": "[]"}}, {"model": "admin.logentry", "pk": 175, "fields": {"action_time": "2024-01-17T13:02:43.219Z", "user": 2, "content_type": 7, "object_id": "14", "object_repr": "Ryan Xiao", "action_flag": 2, "change_message": "[]"}}, {"model": "admin.logentry", "pk": 176, "fields": {"action_time": "2024-01-18T04:58:44.652Z", "user": 2, "content_type": 7, "object_id": "1", "object_repr": "Shrish Choudhary", "action_flag": 2, "change_message": "[{\"changed\": {\"fields\": [\"Data\"]}}]"}}, {"model": "admin.logentry", "pk": 177, "fields": {"action_time": "2024-01-18T05:13:32.627Z", "user": 2, "content_type": 7, "object_id": "1", "object_repr": "Shrish Choudhary", "action_flag": 2, "change_message": "[{\"changed\": {\"fields\": [\"Data\"]}}]"}}, {"model": "admin.logentry", "pk": 178, "fields": {"action_time": "2024-01-18T05:15:00.730Z", "user": 2, "content_type": 7, "object_id": "1", "object_repr": "Shrish Choudhary", "action_flag": 2, "change_message": "[{\"changed\": {\"fields\": [\"Data\"]}}]"}}, {"model": "admin.logentry", "pk": 179, "fields": {"action_time": "2024-01-18T05:35:55.121Z", "user": 2, "content_type": 10, "object_id": "27", "object_repr": "Grant Gallagher vs Olaf", "action_flag": 2, "change_message": "[{\"changed\": {\"fields\": [\"Player2\"]}}]"}}, {"model": "admin.logentry", "pk": 180, "fields": {"action_time": "2024-01-18T05:36:16.484Z", "user": 2, "content_type": 10, "object_id": "25", "object_repr": "Joshua Masuda vs Raphael Sarc", "action_flag": 2, "change_message": "[{\"changed\": {\"fields\": [\"Player2\"]}}]"}}, {"model": "admin.logentry", "pk": 181, "fields": {"action_time": "2024-01-18T05:36:27.775Z", "user": 2, "content_type": 10, "object_id": "23", "object_repr": "Nicholas Liu vs Matt Taric", "action_flag": 2, "change_message": "[{\"changed\": {\"fields\": [\"Player2\"]}}]"}}, {"model": "admin.logentry", "pk": 182, "fields": {"action_time": "2024-01-18T05:36:46.214Z", "user": 2, "content_type": 10, "object_id": "21", "object_repr": "Shrish Choudhary vs John Carl", "action_flag": 2, "change_message": "[{\"changed\": {\"fields\": [\"Player2\"]}}]"}}, {"model": "admin.logentry", "pk": 183, "fields": {"action_time": "2024-01-18T05:36:57.546Z", "user": 2, "content_type": 10, "object_id": "18", "object_repr": "Ethan Nguyen vs Mark Volder", "action_flag": 2, "change_message": "[{\"changed\": {\"fields\": [\"Player2\"]}}]"}}, {"model": "admin.logentry", "pk": 184, "fields": {"action_time": "2024-01-18T05:37:06.985Z", "user": 2, "content_type": 10, "object_id": "16", "object_repr": "Nicholas Liu vs Carl Bart", "action_flag": 2, "change_message": "[{\"changed\": {\"fields\": [\"Player2\"]}}]"}}, {"model": "admin.logentry", "pk": 185, "fields": {"action_time": "2024-01-18T05:37:25.904Z", "user": 2, "content_type": 10, "object_id": "15", "object_repr": "Adam Sun vs Mark Sinner", "action_flag": 2, "change_message": "[{\"changed\": {\"fields\": [\"Player2\"]}}]"}}, {"model": "admin.logentry", "pk": 186, "fields": {"action_time": "2024-01-18T05:37:40.627Z", "user": 2, "content_type": 10, "object_id": "14", "object_repr": "Shrish Choudhary vs Tristan Homer", "action_flag": 2, "change_message": "[{\"changed\": {\"fields\": [\"Player2\"]}}]"}}, {"model": "admin.logentry", "pk": 187, "fields": {"action_time": "2024-01-18T05:37:50.957Z", "user": 2, "content_type": 10, "object_id": "12", "object_repr": "Ryan Xiao vs Homer Simpson", "action_flag": 2, "change_message": "[{\"changed\": {\"fields\": [\"Player2\"]}}]"}}, {"model": "admin.logentry", "pk": 188, "fields": {"action_time": "2024-01-18T05:38:02.595Z", "user": 2, "content_type": 10, "object_id": "10", "object_repr": "Nicholas Liu vs Holsen Barber", "action_flag": 2, "change_message": "[{\"changed\": {\"fields\": [\"Player2\"]}}]"}}, {"model": "admin.logentry", "pk": 189, "fields": {"action_time": "2024-01-18T05:38:14.795Z", "user": 2, "content_type": 10, "object_id": "9", "object_repr": "Joseph Li vs Arnold Shwartz", "action_flag": 2, "change_message": "[{\"changed\": {\"fields\": [\"Player2\"]}}]"}}, {"model": "admin.logentry", "pk": 190, "fields": {"action_time": "2024-01-18T05:38:53.913Z", "user": 2, "content_type": 10, "object_id": "12", "object_repr": "Ryan Xiao vs Homer Simpson", "action_flag": 2, "change_message": "[]"}}, {"model": "admin.logentry", "pk": 191, "fields": {"action_time": "2024-01-18T05:39:54.981Z", "user": 2, "content_type": 7, "object_id": "1", "object_repr": "Shrish Choudhary", "action_flag": 2, "change_message": "[{\"changed\": {\"fields\": [\"Game played\"]}}]"}}, {"model": "admin.logentry", "pk": 192, "fields": {"action_time": "2024-01-18T05:40:39.130Z", "user": 2, "content_type": 7, "object_id": "1", "object_repr": "Shrish Choudhary", "action_flag": 2, "change_message": "[{\"changed\": {\"fields\": [\"Wins\", \"Game played\"]}}]"}}, {"model": "admin.logentry", "pk": 193, "fields": {"action_time": "2024-01-18T05:41:02.096Z", "user": 2, "content_type": 7, "object_id": "2", "object_repr": "Grant Gallagher", "action_flag": 2, "change_message": "[{\"changed\": {\"fields\": [\"Wins\", \"Game played\"]}}]"}}, {"model": "admin.logentry", "pk": 194, "fields": {"action_time": "2024-01-18T05:41:29.241Z", "user": 2, "content_type": 7, "object_id": "3", "object_repr": "Adam Sun", "action_flag": 2, "change_message": "[{\"changed\": {\"fields\": [\"Wins\", \"Game played\"]}}]"}}, {"model": "admin.logentry", "pk": 195, "fields": {"action_time": "2024-01-18T05:42:22.414Z", "user": 2, "content_type": 7, "object_id": "6", "object_repr": "Kailas Kahler", "action_flag": 2, "change_message": "[{\"changed\": {\"fields\": [\"Wins\", \"Game played\"]}}]"}}, {"model": "admin.logentry", "pk": 196, "fields": {"action_time": "2024-01-18T05:43:08.292Z", "user": 2, "content_type": 7, "object_id": "7", "object_repr": "Joseph Li", "action_flag": 2, "change_message": "[{\"changed\": {\"fields\": [\"Wins\", \"Game played\"]}}]"}}, {"model": "admin.logentry", "pk": 197, "fields": {"action_time": "2024-01-18T05:43:37.521Z", "user": 2, "content_type": 7, "object_id": "8", "object_repr": "Nicholas Liu", "action_flag": 2, "change_message": "[{\"changed\": {\"fields\": [\"Wins\", \"Game played\"]}}]"}}, {"model": "admin.logentry", "pk": 198, "fields": {"action_time": "2024-01-18T05:44:06.302Z", "user": 2, "content_type": 7, "object_id": "9", "object_repr": "Siddharth Marathe", "action_flag": 2, "change_message": "[{\"changed\": {\"fields\": [\"Wins\", \"Game played\"]}}]"}}, {"model": "admin.logentry", "pk": 199, "fields": {"action_time": "2024-01-18T05:49:23.708Z", "user": 2, "content_type": 7, "object_id": "14", "object_repr": "Ryan Xiao", "action_flag": 2, "change_message": "[]"}}, {"model": "admin.logentry", "pk": 200, "fields": {"action_time": "2024-01-18T05:49:36.122Z", "user": 2, "content_type": 7, "object_id": "11", "object_repr": "Ethan Nguyen", "action_flag": 2, "change_message": "[{\"changed\": {\"fields\": [\"Game played\"]}}]"}}, {"model": "admin.logentry", "pk": 201, "fields": {"action_time": "2024-01-18T05:50:09.751Z", "user": 2, "content_type": 7, "object_id": "12", "object_repr": "Daniel Papacica", "action_flag": 2, "change_message": "[{\"changed\": {\"fields\": [\"Wins\", \"Game played\"]}}]"}}, {"model": "admin.logentry", "pk": 202, "fields": {"action_time": "2024-01-18T05:55:36.228Z", "user": 2, "content_type": 7, "object_id": "14", "object_repr": "Ryan Xiao", "action_flag": 2, "change_message": "[{\"changed\": {\"fields\": [\"Data\"]}}]"}}, {"model": "admin.logentry", "pk": 203, "fields": {"action_time": "2024-01-18T05:58:43.008Z", "user": 2, "content_type": 7, "object_id": "13", "object_repr": "Daniel Sharygin", "action_flag": 2, "change_message": "[{\"changed\": {\"fields\": [\"Data\"]}}]"}}, {"model": "admin.logentry", "pk": 204, "fields": {"action_time": "2024-01-18T06:01:50.351Z", "user": 2, "content_type": 7, "object_id": "12", "object_repr": "Daniel Papacica", "action_flag": 2, "change_message": "[{\"changed\": {\"fields\": [\"Data\"]}}]"}}, {"model": "admin.logentry", "pk": 205, "fields": {"action_time": "2024-01-24T07:41:22.763Z", "user": 2, "content_type": 7, "object_id": "14", "object_repr": "Ryan Xiao", "action_flag": 2, "change_message": "[{\"changed\": {\"fields\": [\"Data\"]}}]"}}, {"model": "admin.logentry", "pk": 206, "fields": {"action_time": "2024-01-24T07:41:42.208Z", "user": 2, "content_type": 7, "object_id": "13", "object_repr": "Daniel Sharygin", "action_flag": 2, "change_message": "[{\"changed\": {\"fields\": [\"Data\"]}}]"}}, {"model": "admin.logentry", "pk": 207, "fields": {"action_time": "2024-01-24T07:41:55.602Z", "user": 2, "content_type": 7, "object_id": "12", "object_repr": "Daniel Papacica", "action_flag": 2, "change_message": "[{\"changed\": {\"fields\": [\"Data\"]}}]"}}, {"model": "admin.logentry", "pk": 208, "fields": {"action_time": "2024-01-24T07:42:14.749Z", "user": 2, "content_type": 7, "object_id": "1", "object_repr": "Shrish Choudhary", "action_flag": 2, "change_message": "[{\"changed\": {\"fields\": [\"Data\"]}}]"}}, {"model": "auth.permission", "pk": 1, "fields": {"name": "Can add log entry", "content_type": 1, "codename": "add_logentry"}}, {"model": "auth.permission", "pk": 2, "fields": {"name": "Can change log entry", "content_type": 1, "codename": "change_logentry"}}, {"model": "auth.permission", "pk": 3, "fields": {"name": "Can delete log entry", "content_type": 1, "codename": "delete_logentry"}}, {"model": "auth.permission", "pk": 4, "fields": {"name": "Can view log entry", "content_type": 1, "codename": "view_logentry"}}, {"model": "auth.permission", "pk": 5, "fields": {"name": "Can add permission", "content_type": 2, "codename": "add_permission"}}, {"model": "auth.permission", "pk": 6, "fields": {"name": "Can change permission", "content_type": 2, "codename": "change_permission"}}, {"model": "auth.permission", "pk": 7, "fields": {"name": "Can delete permission", "content_type": 2, "codename": "delete_permission"}}, {"model": "auth.permission", "pk": 8, "fields": {"name": "Can view permission", "content_type": 2, "codename": "view_permission"}}, {"model": "auth.permission", "pk": 9, "fields": {"name": "Can add group", "content_type": 3, "codename": "add_group"}}, {"model": "auth.permission", "pk": 10, "fields": {"name": "Can change group", "content_type": 3, "codename": "change_group"}}, {"model": "auth.permission", "pk": 11, "fields": {"name": "Can delete group", "content_type": 3, "codename": "delete_group"}}, {"model": "auth.permission", "pk": 12, "fields": {"name": "Can view group", "content_type": 3, "codename": "view_group"}}, {"model": "auth.permission", "pk": 13, "fields": {"name": "Can add user", "content_type": 4, "codename": "add_user"}}, {"model": "auth.permission", "pk": 14, "fields": {"name": "Can change user", "content_type": 4, "codename": "change_user"}}, {"model": "auth.permission", "pk": 15, "fields": {"name": "Can delete user", "content_type": 4, "codename": "delete_user"}}, {"model": "auth.permission", "pk": 16, "fields": {"name": "Can view user", "content_type": 4, "codename": "view_user"}}, {"model": "auth.permission", "pk": 17, "fields": {"name": "Can add content type", "content_type": 5, "codename": "add_contenttype"}}, {"model": "auth.permission", "pk": 18, "fields": {"name": "Can change content type", "content_type": 5, "codename": "change_contenttype"}}, {"model": "auth.permission", "pk": 19, "fields": {"name": "Can delete content type", "content_type": 5, "codename": "delete_contenttype"}}, {"model": "auth.permission", "pk": 20, "fields": {"name": "Can view content type", "content_type": 5, "codename": "view_contenttype"}}, {"model": "auth.permission", "pk": 21, "fields": {"name": "Can add session", "content_type": 6, "codename": "add_session"}}, {"model": "auth.permission", "pk": 22, "fields": {"name": "Can change session", "content_type": 6, "codename": "change_session"}}, {"model": "auth.permission", "pk": 23, "fields": {"name": "Can delete session", "content_type": 6, "codename": "delete_session"}}, {"model": "auth.permission", "pk": 24, "fields": {"name": "Can view session", "content_type": 6, "codename": "view_session"}}, {"model": "auth.permission", "pk": 25, "fields": {"name": "Can add player", "content_type": 7, "codename": "add_player"}}, {"model": "auth.permission", "pk": 26, "fields": {"name": "Can change player", "content_type": 7, "codename": "change_player"}}, {"model": "auth.permission", "pk": 27, "fields": {"name": "Can delete player", "content_type": 7, "codename": "delete_player"}}, {"model": "auth.permission", "pk": 28, "fields": {"name": "Can view player", "content_type": 7, "codename": "view_player"}}, {"model": "auth.permission", "pk": 29, "fields": {"name": "Can add score3set", "content_type": 8, "codename": "add_score3set"}}, {"model": "auth.permission", "pk": 30, "fields": {"name": "Can change score3set", "content_type": 8, "codename": "change_score3set"}}, {"model": "auth.permission", "pk": 31, "fields": {"name": "Can delete score3set", "content_type": 8, "codename": "delete_score3set"}}, {"model": "auth.permission", "pk": 32, "fields": {"name": "Can view score3set", "content_type": 8, "codename": "view_score3set"}}, {"model": "auth.permission", "pk": 33, "fields": {"name": "Can add score8game", "content_type": 9, "codename": "add_score8game"}}, {"model": "auth.permission", "pk": 34, "fields": {"name": "Can change score8game", "content_type": 9, "codename": "change_score8game"}}, {"model": "auth.permission", "pk": 35, "fields": {"name": "Can delete score8game", "content_type": 9, "codename": "delete_score8game"}}, {"model": "auth.permission", "pk": 36, "fields": {"name": "Can view score8game", "content_type": 9, "codename": "view_score8game"}}, {"model": "auth.permission", "pk": 37, "fields": {"name": "Can add singles match", "content_type": 10, "codename": "add_singlesmatch"}}, {"model": "auth.permission", "pk": 38, "fields": {"name": "Can change singles match", "content_type": 10, "codename": "change_singlesmatch"}}, {"model": "auth.permission", "pk": 39, "fields": {"name": "Can delete singles match", "content_type": 10, "codename": "delete_singlesmatch"}}, {"model": "auth.permission", "pk": 40, "fields": {"name": "Can view singles match", "content_type": 10, "codename": "view_singlesmatch"}}, {"model": "auth.permission", "pk": 41, "fields": {"name": "Can add duel", "content_type": 11, "codename": "add_duel"}}, {"model": "auth.permission", "pk": 42, "fields": {"name": "Can change duel", "content_type": 11, "codename": "change_duel"}}, {"model": "auth.permission", "pk": 43, "fields": {"name": "Can delete duel", "content_type": 11, "codename": "delete_duel"}}, {"model": "auth.permission", "pk": 44, "fields": {"name": "Can view duel", "content_type": 11, "codename": "view_duel"}}, {"model": "auth.permission", "pk": 45, "fields": {"name": "Can add doubles match", "content_type": 12, "codename": "add_doublesmatch"}}, {"model": "auth.permission", "pk": 46, "fields": {"name": "Can change doubles match", "content_type": 12, "codename": "change_doublesmatch"}}, {"model": "auth.permission", "pk": 47, "fields": {"name": "Can delete doubles match", "content_type": 12, "codename": "delete_doublesmatch"}}, {"model": "auth.permission", "pk": 48, "fields": {"name": "Can view doubles match", "content_type": 12, "codename": "view_doublesmatch"}}, {"model": "auth.permission", "pk": 49, "fields": {"name": "Can add ranking", "content_type": 13, "codename": "add_ranking"}}, {"model": "auth.permission", "pk": 50, "fields": {"name": "Can change ranking", "content_type": 13, "codename": "change_ranking"}}, {"model": "auth.permission", "pk": 51, "fields": {"name": "Can delete ranking", "content_type": 13, "codename": "delete_ranking"}}, {"model": "auth.permission", "pk": 52, "fields": {"name": "Can view ranking", "content_type": 13, "codename": "view_ranking"}}, {"model": "auth.user", "pk": 1, "fields": {"password": "pbkdf2_sha256$600000$30zl81UTgmY8A5JT1rDtHs$L6GH6DE/OBWKR+4ciQRWH5iEsIsomY7XRduaPbo1dQY=", "last_login": "2024-01-14T03:19:44.895Z", "is_superuser": true, "username": "Shrish", "first_name": "", "last_name": "", "email": "shrish@gmail.com", "is_staff": true, "is_active": true, "date_joined": "2024-01-14T03:19:17.366Z", "groups": [], "user_permissions": []}}, {"model": "auth.user", "pk": 2, "fields": {"password": "pbkdf2_sha256$600000$mAI6bWp7zp4oGE8ufHJAoC$KqqdX/+7EV8a1ZiBAkoQ6c3YSQZkctmOMJORrJ4C3vE=", "last_login": "2024-01-18T09:27:27.202Z", "is_superuser": true, "username": "MIT", "first_name": "", "last_name": "", "email": "mit@gmail.com", "is_staff": true, "is_active": true, "date_joined": "2024-01-17T05:33:44.260Z", "groups": [], "user_permissions": []}}, {"model": "contenttypes.contenttype", "pk": 1, "fields": {"app_label": "admin", "model": "logentry"}}, {"model": "contenttypes.contenttype", "pk": 2, "fields": {"app_label": "auth", "model": "permission"}}, {"model": "contenttypes.contenttype", "pk": 3, "fields": {"app_label": "auth", "model": "group"}}, {"model": "contenttypes.contenttype", "pk": 4, "fields": {"app_label": "auth", "model": "user"}}, {"model": "contenttypes.contenttype", "pk": 5, "fields": {"app_label": "contenttypes", "model": "contenttype"}}, {"model": "contenttypes.contenttype", "pk": 6, "fields": {"app_label": "sessions", "model": "session"}}, {"model": "contenttypes.contenttype", "pk": 7, "fields": {"app_label": "base", "model": "player"}}, {"model": "contenttypes.contenttype", "pk": 8, "fields": {"app_label": "base", "model": "score3set"}}, {"model": "contenttypes.contenttype", "pk": 9, "fields": {"app_label": "base", "model": "score8game"}}, {"model": "contenttypes.contenttype", "pk": 10, "fields": {"app_label": "base", "model": "singlesmatch"}}, {"model": "contenttypes.contenttype", "pk": 11, "fields": {"app_label": "base", "model": "duel"}}, {"model": "contenttypes.contenttype", "pk": 12, "fields": {"app_label": "base", "model": "doublesmatch"}}, {"model": "contenttypes.contenttype", "pk": 13, "fields": {"app_label": "base", "model": "ranking"}}, {"model": "sessions.session", "pk": "5iyn3lt4umqss6citgip203voljjveoi", "fields": {"session_data": ".eJxVjMEOwiAQRP-FsyGLtND16N1vILuwSNXQpLQn47_bJj3obTLvzbxVoHUpYW0yhzGpizLq9NsxxafUHaQH1fuk41SXeWS9K_qgTd-mJK_r4f4dFGplW4PtkSQnYsmOu-gJ0GMXnfEWeEs9RrCR2YGg4WGQM0J2BtmCceDV5wvupjd1:1rOr2G:q1Yc-TpAOEl0P6JewmJLuloNokR2lkLbb6DxV9VqONE", "expire_date": "2024-01-28T03:19:44.911Z"}}, {"model": "sessions.session", "pk": "773tdt5jkvudj9725ujkw1tdp7mslwww", "fields": {"session_data": ".eJxVjEsOAiEQBe_C2hCbj4BL956BdEMjowaSYWZlvLtOMgvdvqp6LxFxXWpcB89xyuIslDj8boTpwW0D-Y7t1mXqbZknkpsidzrktWd-Xnb376DiqN-6nDxkhWiUZgWejCMAz0EZyy6BBUfKWaAcOGAqxgerj8kheY2-UBHvD9HLN9c:1rQOgJ:kgS8YPlUe9pw7PvZnx3bSlqFwAVIGfekPZVF27HmcYY", "expire_date": "2024-02-01T09:27:27.214Z"}}, {"model": "base.player", "pk": 1, "fields": {"url": "https://worldtennisnumber.com/eng/player-profile?id=65122620b06645613501942d", "utrurl": "https://app.utrsports.net/profiles/936660", "data": [{"utr": 10.32, "high": "22.6", "low": "21.2", "date": "2024-01-17"}, {"utr": 10.32, "high": "22.6", "low": "21.2", "date": "2024-01-21"}], "name": "Shrish Choudhary", "team": "MIT", "wins": 8, "game_played": 10}}, {"model": "base.player", "pk": 2, "fields": {"url": "https://worldtennisnumber.com/eng/player-profile?id=65122652f3c3d4a1a61e7505", "utrurl": "https://app.utrsports.net/profiles/1586733", "data": [{"utr": 10.04, "high": "22.1", "low": "22.1", "date": "2024-01-17"}, {"utr": 10.04, "high": "22.1", "low": "22.1", "date": "2024-01-21"}], "name": "Grant Gallagher", "team": "MIT", "wins": 2, "game_played": 7}}, {"model": "base.player", "pk": 3, "fields": {"url": "https://worldtennisnumber.com/eng/player-profile?id=651225a1f3c3d4a1a61e6d99", "utrurl": "https://app.utrsports.net/profiles/2929451", "data": [{"utr": 11.53, "high": "23.8", "low": "23.8", "date": "2024-01-17"}, {"utr": 11.53, "high": "23.8", "low": "23.8", "date": "2024-01-21"}], "name": "Adam Sun", "team": "MIT", "wins": 5, "game_played": 6}}, {"model": "base.player", "pk": 4, "fields": {"url": "https://worldtennisnumber.com/eng/player-profile?id=65122687f3c3d4a1a61e77ae", "utrurl": "https://app.utrsports.net/profiles/827985", "data": [{"utr": 8.16, "high": "23.8", "low": "23.8", "date": "2024-01-17"}, {"utr": 8.16, "high": "23.8", "low": "23.8", "date": "2024-01-21"}], "name": "Cole Armstrong", "team": "MIT", "wins": 1, "game_played": 1}}, {"model": "base.player", "pk": 5, "fields": {"url": "https://worldtennisnumber.com/eng/player-profile?id=5fa158af47cc7fe82dbd7784", "utrurl": "https://app.utrsports.net/profiles/100855", "data": [{"utr": 9.68, "high": "17.1", "low": "10.1", "date": "2024-01-17"}, {"utr": 9.68, "high": "17.1", "low": "10.1", "date": "2024-01-21"}], "name": "Sundeep Chaklandar", "team": "MIT", "wins": 1, "game_played": 0}}, {"model": "base.player", "pk": 6, "fields": {"url": "https://worldtennisnumber.com/eng/player-profile?id=60a4ed6dbf0fe5a6987946a2", "utrurl": "https://app.utrsports.net/profiles/118419", "data": [{"utr": 11.12, "high": "13.7", "low": "8.8", "date": "2024-01-17"}, {"utr": 11.12, "high": "13.7", "low": "8.8", "date": "2024-01-21"}], "name": "Kailas Kahler", "team": "MIT", "wins": 2, "game_played": 3}}, {"model": "base.player", "pk": 7, "fields": {"url": "https://worldtennisnumber.com/eng/player-profile?id=60a4edb7bf0fe5a6987ac689", "utrurl": "https://app.utrsports.net/profiles/3833928", "data": [{"utr": 10.03, "high": "18.9", "low": "18.0", "date": "2024-01-17"}, {"utr": 10.06, "high": "18.9", "low": "18.0", "date": "2024-01-21"}], "name": "Joseph Li", "team": "MIT", "wins": 3, "game_played": 5}}, {"model": "base.player", "pk": 8, "fields": {"url": "https://worldtennisnumber.com/eng/player-profile?id=60a4ed5bbf0fe5a69878e4db", "utrurl": "https://app.utrsports.net/profiles/2532522", "data": [{"utr": 8.82, "high": "14.1", "low": "9.4", "date": "2024-01-17"}, {"utr": 8.82, "high": "14.1", "low": "9.4", "date": "2024-01-21"}], "name": "Nicholas Liu", "team": "MIT", "wins": 2, "game_played": 5}}, {"model": "base.player", "pk": 9, "fields": {"url": "https://worldtennisnumber.com/eng/player-profile?id=65122556b066456135018fd3", "utrurl": "https://app.utrsports.net/profiles/990810", "data": [{"utr": 11.23, "high": "22.7", "low": "19.0", "date": "2024-01-17"}, {"utr": 11.24, "high": "22.7", "low": "19.0", "date": "2024-01-21"}], "name": "Siddharth Marathe", "team": "MIT", "wins": 2, "game_played": 3}}, {"model": "base.player", "pk": 10, "fields": {"url": "https://worldtennisnumber.com/eng/player-profile?id=60a4ed93bf0fe5a6987a0fe2", "utrurl": "https://app.utrsports.net/profiles/118806", "data": [{"utr": 8.41, "high": "13.1", "low": "12.5", "date": "2024-01-17"}, {"utr": 8.41, "high": "13.1", "low": "12.5", "date": "2024-01-21"}], "name": "Joshua Masuda", "team": "MIT", "wins": 2, "game_played": 2}}, {"model": "base.player", "pk": 11, "fields": {"url": "https://worldtennisnumber.com/eng/player-profile?id=60a4ed70bf0fe5a69879559a", "utrurl": "https://app.utrsports.net/profiles/2752834", "data": [{"utr": 8.58, "high": "28.3", "low": "27.2", "date": "2024-01-17"}, {"utr": 8.59, "high": "28.3", "low": "27.2", "date": "2024-01-21"}], "name": "Ethan Nguyen", "team": "MIT", "wins": 0, "game_played": 2}}, {"model": "base.player", "pk": 12, "fields": {"url": "https://worldtennisnumber.com/eng/player-profile?id=5fa158d147cc7fe82dbe4b73", "utrurl": "https://app.utrsports.net/profiles/66740", "data": [{"utr": 10.7, "high": "14.2", "low": "10.3", "date": "2024-01-17"}, {"utr": 10.7, "high": "14.2", "low": "10.3", "date": "2024-01-21"}], "name": "Daniel Papacica", "team": "MIT", "wins": 4, "game_played": 4}}, {"model": "base.player", "pk": 13, "fields": {"url": "https://worldtennisnumber.com/eng/player-profile?id=5fa158db47cc7fe82dbe8653", "utrurl": "https://app.utrsports.net/profiles/85539", "data": [{"utr": 9.66, "high": "15.5", "low": "8.8", "date": "2024-01-17"}, {"utr": 9.66, "high": "15.5", "low": "8.8", "date": "2024-01-21"}], "name": "Daniel Sharygin", "team": "MIT", "wins": 1, "game_played": 1}}, {"model": "base.player", "pk": 14, "fields": {"url": "https://worldtennisnumber.com/eng/player-profile?id=60a4ed5bbf0fe5a69878e4db", "utrurl": "https://app.utrsports.net/profiles/120497", "data": [{"utr": 10.28, "high": "14.1", "low": "9.4", "date": "2024-01-17"}, {"utr": 10.3, "high": "14.1", "low": "9.4", "date": "2024-01-21"}], "name": "Ryan Xiao", "team": "MIT", "wins": 2, "game_played": 2}}, {"model": "base.duel", "pk": 1, "fields": {"day": "2024-01-15", "mitwin": true, "versus": "Amherst"}}, {"model": "base.duel", "pk": 2, "fields": {"day": "2024-01-15", "mitwin": true, "versus": "Amherst"}}, {"model": "base.duel", "pk": 3, "fields": {"day": "2024-01-15", "mitwin": true, "versus": "TeamB"}}, {"model": "base.duel", "pk": 4, "fields": {"day": "2024-01-15", "mitwin": true, "versus": "Team C"}}, {"model": "base.duel", "pk": 5, "fields": {"day": "2024-01-15", "mitwin": true, "versus": "Team D"}}, {"model": "base.duel", "pk": 6, "fields": {"day": "2024-01-15", "mitwin": true, "versus": "Team D"}}, {"model": "base.duel", "pk": 7, "fields": {"day": "2024-01-15", "mitwin": true, "versus": "Eaters"}}, {"model": "base.duel", "pk": 8, "fields": {"day": "2024-01-18", "mitwin": true, "versus": "Team A"}}, {"model": "base.singlesmatch", "pk": 1, "fields": {"day": "2024-01-15", "duel": 1, "win": true, "player1": 1, "player2": "John Doe", "score": "6-3, 6-2"}}, {"model": "base.singlesmatch", "pk": 2, "fields": {"day": "2024-01-15", "duel": 2, "win": true, "player1": 6, "player2": "John Doe", "score": "6-0 6-0"}}, {"model": "base.singlesmatch", "pk": 3, "fields": {"day": "2024-01-15", "duel": 2, "win": true, "player1": 7, "player2": "Bob", "score": "6-0 6-0"}}, {"model": "base.singlesmatch", "pk": 4, "fields": {"day": "2024-01-15", "duel": 2, "win": false, "player1": 8, "player2": "John Deez", "score": "6-0 6-0"}}, {"model": "base.singlesmatch", "pk": 5, "fields": {"day": "2024-01-15", "duel": 2, "win": true, "player1": 12, "player2": "Bob Deer", "score": "6-0 6-0"}}, {"model": "base.singlesmatch", "pk": 6, "fields": {"day": "2024-01-15", "duel": 2, "win": true, "player1": 14, "player2": "Eric Deez", "score": "6-0 6-0"}}, {"model": "base.singlesmatch", "pk": 7, "fields": {"day": "2024-01-15", "duel": 2, "win": false, "player1": 2, "player2": "Erie Bob", "score": "6-0 6-0"}}, {"model": "base.singlesmatch", "pk": 8, "fields": {"day": "2024-01-15", "duel": 3, "win": true, "player1": 6, "player2": "John Doe", "score": "6-0 6-0"}}, {"model": "base.singlesmatch", "pk": 9, "fields": {"day": "2024-01-15", "duel": 3, "win": true, "player1": 7, "player2": "Arnold Shwartz", "score": "6-0 6-0"}}, {"model": "base.singlesmatch", "pk": 10, "fields": {"day": "2024-01-15", "duel": 3, "win": false, "player1": 8, "player2": "Holsen Barber", "score": "6-0 6-0"}}, {"model": "base.singlesmatch", "pk": 11, "fields": {"day": "2024-01-15", "duel": 3, "win": true, "player1": 12, "player2": "Bob Deer", "score": "6-0 6-0"}}, {"model": "base.singlesmatch", "pk": 12, "fields": {"day": "2024-01-15", "duel": 3, "win": true, "player1": 14, "player2": "Homer Simpson", "score": "6-0 6-0"}}, {"model": "base.singlesmatch", "pk": 13, "fields": {"day": "2024-01-15", "duel": 3, "win": false, "player1": 2, "player2": "Erie Bob", "score": "6-0 6-0"}}, {"model": "base.singlesmatch", "pk": 14, "fields": {"day": "2024-01-15", "duel": 4, "win": true, "player1": 1, "player2": "Tristan Homer", "score": "6-0 6-0"}}, {"model": "base.singlesmatch", "pk": 15, "fields": {"day": "2024-01-15", "duel": 4, "win": true, "player1": 3, "player2": "Mark Sinner", "score": "6-0 6-0"}}, {"model": "base.singlesmatch", "pk": 16, "fields": {"day": "2024-01-15", "duel": 4, "win": true, "player1": 8, "player2": "Carl Bart", "score": "6-0 6-0"}}, {"model": "base.singlesmatch", "pk": 17, "fields": {"day": "2024-01-15", "duel": 4, "win": true, "player1": 12, "player2": "Bob Deer", "score": "6-0 6-0"}}, {"model": "base.singlesmatch", "pk": 18, "fields": {"day": "2024-01-15", "duel": 4, "win": false, "player1": 11, "player2": "Mark Volder", "score": "6-0 6-0"}}, {"model": "base.singlesmatch", "pk": 19, "fields": {"day": "2024-01-15", "duel": 4, "win": false, "player1": 4, "player2": "Erie Bob", "score": "6-0 6-0"}}, {"model": "base.singlesmatch", "pk": 20, "fields": {"day": "2024-01-15", "duel": 5, "win": true, "player1": 1, "player2": "Bill", "score": "6-0 6-0"}}, {"model": "base.singlesmatch", "pk": 21, "fields": {"day": "2024-01-15", "duel": 6, "win": true, "player1": 1, "player2": "John Carl", "score": "6-0 6-0"}}, {"model": "base.singlesmatch", "pk": 22, "fields": {"day": "2024-01-15", "duel": 6, "win": true, "player1": 2, "player2": "Bob", "score": "6-3 4-6 6-0"}}, {"model": "base.singlesmatch", "pk": 23, "fields": {"day": "2024-01-15", "duel": 6, "win": false, "player1": 8, "player2": "Matt Taric", "score": "6-2 6-3"}}, {"model": "base.singlesmatch", "pk": 24, "fields": {"day": "2024-01-15", "duel": 6, "win": true, "player1": 12, "player2": "Bob Deer", "score": "6-0 6-0"}}, {"model": "base.singlesmatch", "pk": 25, "fields": {"day": "2024-01-15", "duel": 6, "win": true, "player1": 10, "player2": "Raphael Sarc", "score": "6-0 6-0"}}, {"model": "base.singlesmatch", "pk": 26, "fields": {"day": "2024-01-15", "duel": 6, "win": true, "player1": 4, "player2": "Erie Bob", "score": "6-0 6-0"}}, {"model": "base.singlesmatch", "pk": 27, "fields": {"day": "2024-01-15", "duel": 7, "win": true, "player1": 2, "player2": "Olaf", "score": "6-0 6-0"}}, {"model": "base.singlesmatch", "pk": 28, "fields": {"day": "2024-01-18", "duel": 8, "win": true, "player1": 1, "player2": "John Doe", "score": "6-0 6-0"}}, {"model": "base.singlesmatch", "pk": 29, "fields": {"day": "2024-01-18", "duel": 8, "win": true, "player1": 3, "player2": "Jeffrey Plat", "score": "6-3 4-6 6-0"}}, {"model": "base.singlesmatch", "pk": 30, "fields": {"day": "2024-01-18", "duel": 8, "win": false, "player1": 4, "player2": "Mark Falkner", "score": "6-2 6-3"}}, {"model": "base.doublesmatch", "pk": 1, "fields": {"duel": 2, "win": true, "player1": 2, "player2": 3, "player3": "John Doe", "player4": "Bob Burger", "score": "6-0 6-0", "day": "2024-01-15"}}, {"model": "base.doublesmatch", "pk": 2, "fields": {"duel": 2, "win": false, "player1": 7, "player2": 5, "player3": "Eric Doe", "player4": "Dean Babb", "score": "6-0 6-0", "day": "2024-01-15"}}, {"model": "base.doublesmatch", "pk": 3, "fields": {"duel": 2, "win": true, "player1": 1, "player2": 9, "player3": "Bob Marley", "player4": "Jeff Bezos", "score": "6-0 6-0", "day": "2024-01-15"}}, {"model": "base.doublesmatch", "pk": 4, "fields": {"duel": 3, "win": true, "player1": 2, "player2": 3, "player3": "John Doe", "player4": "Bob Burger", "score": "6-0 6-0", "day": "2024-01-15"}}, {"model": "base.doublesmatch", "pk": 5, "fields": {"duel": 3, "win": false, "player1": 7, "player2": 5, "player3": "Eric Doe", "player4": "Dean Babb", "score": "6-0 6-0", "day": "2024-01-15"}}, {"model": "base.doublesmatch", "pk": 6, "fields": {"duel": 3, "win": true, "player1": 1, "player2": 9, "player3": "Bob Marley", "player4": "Jeff Bezos", "score": "6-0 6-0", "day": "2024-01-15"}}, {"model": "base.doublesmatch", "pk": 7, "fields": {"duel": 4, "win": true, "player1": 2, "player2": 3, "player3": "John Doe", "player4": "Bob Burger", "score": "8-0", "day": "2024-01-15"}}, {"model": "base.doublesmatch", "pk": 8, "fields": {"duel": 4, "win": true, "player1": 5, "player2": 7, "player3": "Eric Doe", "player4": "Dean Babb", "score": "8-0", "day": "2024-01-15"}}, {"model": "base.doublesmatch", "pk": 9, "fields": {"duel": 4, "win": false, "player1": 1, "player2": 9, "player3": "Bob Marley", "player4": "Jeff Bezos", "score": "8-0", "day": "2024-01-15"}}, {"model": "base.doublesmatch", "pk": 10, "fields": {"duel": 6, "win": true, "player1": 8, "player2": 10, "player3": "John Doe", "player4": "Bob Burger", "score": "8-3", "day": "2024-01-15"}}, {"model": "base.doublesmatch", "pk": 11, "fields": {"duel": 6, "win": false, "player1": 11, "player2": 6, "player3": "Eric Doe", "player4": "Dean Babb", "score": "8-0", "day": "2024-01-15"}}, {"model": "base.doublesmatch", "pk": 12, "fields": {"duel": 6, "win": true, "player1": 1, "player2": 13, "player3": "Bob Marley", "player4": "Jeff Bezos", "score": "8-0", "day": "2024-01-15"}}, {"model": "base.doublesmatch", "pk": 13, "fields": {"duel": 7, "win": false, "player1": 1, "player2": 3, "player3": "John Doe", "player4": "Bob Burger", "score": "8-3", "day": "2024-01-15"}}, {"model": "base.doublesmatch", "pk": 14, "fields": {"duel": 8, "win": true, "player1": 1, "player2": 3, "player3": "John Doe", "player4": "Bob Burger", "score": "8-0", "day": "2024-01-18"}}, {"model": "base.doublesmatch", "pk": 15, "fields": {"duel": 8, "win": false, "player1": 4, "player2": 8, "player3": "Eric Doe", "player4": "Derrik Mark", "score": "8-4", "day": "2024-01-18"}}]
